avg_gen0_bp,avg_gen_x_bp,avg_growth,avg_gen0_mos,avg_gen_x_mos
41.43939892509431,51.22747253883121,9.788073613736895,0.09939612920164695,0.10545772837267933
