avg_gen0_best_score,avg_overall_best_score,avg_difference
47.94327717775693,52.199331100371886,4.256053922614969
