avg_gen0_best_score,avg_overall_best_score,avg_difference
41.43939892509431,51.22747253883121,9.788073613736897
