avg_gen0_best_score,avg_overall_best_score,avg_difference
38.29747315235052,42.704933774874966,4.407460622524452
