avg_gen0_best_score,avg_overall_best_score,avg_difference
46.83929711942449,50.56483424902977,3.725537129605294
