avg_gen0_best_score,avg_overall_best_score,avg_difference
38.48652749541342,43.1039274432661,4.617399947852677
