avg_gen0_bp,avg_gen_x_bp,avg_growth,avg_gen0_mos,avg_gen_x_mos
38.48652749541342,43.103927443266095,4.617399947852677,0.07914518542768452,0.0762679867874888
