avg_gen0_best_score,avg_overall_best_score,avg_difference
34.70182689327976,44.517875048387786,9.816048155108028
