avg_gen0_bp,avg_gen_x_bp,avg_growth,avg_gen0_mos,avg_gen_x_mos
33.59762368579119,42.42755048415611,8.82992679836492,0.06159996834419851,0.06974531505655282
