avg_gen0_best_score,avg_overall_best_score,avg_difference
33.59762368579119,42.42755048415611,8.829926798364918
